image_name,site,date,intensity,flower_type
IMG_4433,Bombax_SE,2020-12-08,0,Bombax Ceiba
IMG_4541,Bombax_SE,2021-11-13,0,Bombax Ceiba
IMG_8028,Bombax_SE,2021-11-21,0,Bombax Ceiba
IMG_8178,Bombax_SE,2021-12-11,1,Bombax Ceiba
IMG_8447,Bombax_SE,2022-01-01,2,Bombax Ceiba
IMG_8599,Bombax_SE,2022-01-16,3,Bombax Ceiba
IMG_8688,Bombax_SE,2022-01-26,3,Bombax Ceiba
IMG_8771,Bombax_SE,2022-02-06,3,Bombax Ceiba
IMG_8856,Bombax_SE,2022-02-20,2,Bombax Ceiba
IMG_8925,Bombax_SE,2022-02-27,1,Bombax Ceiba
IMG_8971,Bombax_SE,2022-03-09,1,Bombax Ceiba
IMG_9036,Bombax_SE,2022-03-16,0,Bombax Ceiba
IMG_9176,Bombax_SE,2022-03-30,0,Bombax Ceiba
IMG_9552,Bombax_SE,2022-05-05,0,Bombax Ceiba
IMG_9761,Bombax_SE,2022-05-22,0,Bombax Ceiba
IMG_0131,Bombax_SE,2022-06-22,0,Bombax Ceiba
IMG_0946,Bombax_SE,2022-08-31,0,Bombax Ceiba
IMG_1558,Bombax_SE,2022-11-06,0,Bombax Ceiba
IMG_1834,Bombax_SE,2022-12-04,1,Bombax Ceiba
IMG_1902,Bombax_SE,2022-12-14,1,Bombax Ceiba
IMG_2135,Bombax_SE,2023-01-12,2,Bombax Ceiba
IMG_2200,Bombax_SE,2023-01-19,3,Bombax Ceiba
IMG_2263,Bombax_SE,2023-01-25,3,Bombax Ceiba
IMG_2515,Bombax_SE,2023-03-05,1,Bombax Ceiba
IMG_2662,Bombax_SE,2023-03-19,0,Bombax Ceiba
IMG_3186,Bombax_SE,2023-05-04,0,Bombax Ceiba
IMG_3742,Bombax_SE,2023-06-23,0,Bombax Ceiba
IMG_4139,Bombax_SE,2023-07-30,0,Bombax Ceiba
IMG_4691,Bombax_SE,2023-09-10,0,Bombax Ceiba
IMG_4972,Bombax_SE,2023-10-12,0,Bombax Ceiba
IMG_5702,Bombax_SE,2023-12-24,1,Bombax Ceiba
IMG_5924,Bombax_SE,2024-01-14,2,Bombax Ceiba
IMG_5964,Bombax_SE,2024-01-18,3,Bombax Ceiba
IMG_5973,Bombax_SE,2024-01-21,3,Bombax Ceiba
IMG_6030,Bombax_SE,2024-01-28,3,Bombax Ceiba
IMG_6179,Bombax_SE,2024-02-10,3,Bombax Ceiba
IMG_6342,Bombax_SE,2024-02-22,1,Bombax Ceiba
IMG_6483,Bombax_SE,2024-03-10,1,Bombax Ceiba
IMG_8286,Bombax_SE,2024-08-10,0,Bombax Ceiba
IMG_9292,Bombax_SE,2024-12-18,0,Bombax Ceiba
IMG_9455,Bombax_SE,2025-01-11,2,Bombax Ceiba
IMG_9505,Bombax_SE,2025-01-24,3,Bombax Ceiba
IMG_0641,Bombax_SE,2025-06-15,0,Bombax Ceiba
IMG_1434,Bombax_SE,2025-08-31,0,Bombax Ceiba
IMG_2489,Bombax_SE,2026-01-08,1,Bombax Ceiba
IMG_2507,Bombax_SE,2026-01-11,2,Bombax Ceiba
IMG_2661,Bombax_SE,2026-01-15,3,Bombax Ceiba
IMG_2671,Bombax_SE,2026-01-18,3,Bombax Ceiba
IMG_2811,Bombax_SE,2026-01-25,3,Bombax Ceiba
IMG_4429,East-West-Maile,2020-12-08,0,Queen's White Shower Tree
IMG_5244,East-West-Maile,2021-03-16,0,Queen's White Shower Tree
IMG_5706,East-West-Maile,2021-05-01,0,Queen's White Shower Tree
IMG_5850,East-West-Maile,2021-05-11,1,Queen's White Shower Tree
IMG_5969,East-West-Maile,2022-05-21,2,Queen's White Shower Tree
IMG_6048,East-West-Maile,2021-05-28,3,Queen's White Shower Tree
IMG_6160,East-West-Maile,2021-06-07,3,Queen's White Shower Tree
IMG_6244,East-West-Maile,2021-06-14,3,Queen's White Shower Tree
IMG_6437,East-West-Maile,2021-07-01,3,Queen's White Shower Tree
IMG_6597,East-West-Maile,2021-07-15,1,Queen's White Shower Tree
IMG_6753,East-West-Maile,2021-07-28,1,Queen's White Shower Tree
IMG_7034,East-West-Maile,2021-08-22,1,Queen's White Shower Tree
IMG_7272,East-West-Maile,2021-09-12,1,Queen's White Shower Tree
IMG_7387,East-West-Maile,2021-09-22,0,Queen's White Shower Tree
IMG_7582,East-West-Maile,2021-10-10,0,Queen's White Shower Tree
IMG_7729,East-West-Maile,2021-10-24,0,Queen's White Shower Tree
IMG_8025,East-West-Maile,2021-11-21,0,Queen's White Shower Tree
IMG_8252,East-West-Maile,2021-12-19,0,Queen's White Shower Tree
IMG_8728,East-West-Maile,2022-01-30,0,Queen's White Shower Tree
IMG_9077,East-West-Maile,2022-03-20,0,Queen's White Shower Tree
IMG_9549,East-West-Maile,2022-05-05,0,Queen's White Shower Tree
IMG_9718,East-West-Maile,2022-05-18,1,Queen's White Shower Tree
IMG_9757,East-West-Maile,2022-05-22,2,Queen's White Shower Tree
IMG_9798,East-West-Maile,2022-05-25,2,Queen's White Shower Tree
IMG_9845,East-West-Maile,2022-05-29,2,Queen's White Shower Tree
IMG_0169,East-West-Maile,2022-06-25,3,Queen's White Shower Tree
IMG_0419,East-West-Maile,2022-07-21,1,Queen's White Shower Tree
IMG_0554,East-West-Maile,2022-07-31,0,Queen's White Shower Tree
IMG_0857,East-West-Maile,2022-08-24,1,Queen's White Shower Tree
IMG_1438,East-West-Maile,2022-10-27,0,Queen's White Shower Tree
IMG_1753,East-West-Maile,2022-11-27,0,Queen's White Shower Tree
IMG_2440,East-West-Maile,2023-02-26,0,Queen's White Shower Tree
IMG_3100,East-West-Maile,2023-04-23,0,Queen's White Shower Tree
IMG_3529,East-West-Maile,2023-06-05,3,Queen's White Shower Tree
IMG_3568,East-West-Maile,2023-06-08,3,Queen's White Shower Tree
IMG_3697,East-West-Maile,2023-06-20,3,Queen's White Shower Tree
IMG_3827,East-West-Maile,2023-07-02,3,Queen's White Shower Tree
IMG_6600,East-West-Maile,2024-03-24,0,Queen's White Shower Tree
IMG_7239,East-West-Maile,2024-05-25,1,Queen's White Shower Tree
IMG_7402,East-West-Maile,2024-06-11,3,Queen's White Shower Tree
IMG_8033,East-West-Maile,2024-07-24,1,Queen's White Shower Tree
IMG_0121,East-West-Maile,2025-04-20,0,Queen's White Shower Tree
IMG_0535,East-West-Maile,2025-06-08,2,Queen's White Shower Tree
IMG_0686,East-West-Maile,2025-06-20,3,Queen's White Shower Tree
IMG_0933,East-West-Maile,2025-07-17,2,Queen's White Shower Tree
IMG_1119,East-West-Maile,2025-08-02,1,Queen's White Shower Tree
IMG_1550,East-West-Maile,2025-09-13,2,Queen's White Shower Tree
IMG_2116,East-West-Maile,2025-11-23,0,Queen's White Shower Tree
IMG_2326,East-West-Maile,2025-12-25,0,Queen's White Shower Tree
IMG_2813,East-West-Maile,2026-01-25,0,Queen's White Shower Tree
IMG_0042,Maile East End,2022-06-16,2,Rainbow Shower Tree
IMG_0058,Maile East End,2025-04-13,1,Rainbow Shower Tree
IMG_0084,Maile East End,2022-06-19,3,Rainbow Shower Tree
IMG_0124 (1),Maile East End,2025-04-20,1,Rainbow Shower Tree
IMG_0124,Maile East End,2022-06-22,3,Rainbow Shower Tree
IMG_0167,Maile East End,2022-06-25,3,Rainbow Shower Tree
IMG_0187,Maile East End,2025-04-27,1,Rainbow Shower Tree
IMG_0208,Maile East End,2022-06-28,3,Rainbow Shower Tree
IMG_0252,Maile East End,2022-07-01,3,Rainbow Shower Tree
IMG_0255,Maile East End,2025-05-04,2,Rainbow Shower Tree
IMG_0301,Maile East End,2025-05-11,2,Rainbow Shower Tree
IMG_0329,Maile East End,2025-05-28,3,Rainbow Shower Tree
IMG_0371,Maile East End,2022-07-18,2,Rainbow Shower Tree
IMG_7111,Maile East End,2021-08-29,2,Rainbow Shower Tree
IMG_9982,Maile East End,2025-04-06,1,Rainbow Shower Tree
IMG_4695,Maile East End,2021-01-12,0,Rainbow Shower Tree
IMG_4928,Maile East End,2021-02-09,0,Rainbow Shower Tree
IMG_2152,Maile East End,2023-01-15,3,Rainbow Shower Tree
IMG_1674,Maile East End,2025-10-05,2,Rainbow Shower Tree
IMG_0552,Maile East End,2022-07-31,2,Rainbow Shower Tree
IMG_0579,Maile East End,2025-06-11,3,Rainbow Shower Tree
IMG_0580,Maile East End,2025-06-11,3,Rainbow Shower Tree
IMG_0593,Maile East End,2022-08-03,2,Rainbow Shower Tree
IMG_0635,Maile East End,2025-06-15,3,Rainbow Shower Tree
IMG_0641,Maile East End,2022-08-07,1,Rainbow Shower Tree
IMG_0682,Maile East End,2022-08-11,1,Rainbow Shower Tree
IMG_0684,Maile East End,2025-06-20,3,Rainbow Shower Tree
IMG_0717,Maile East End,2025-06-25,3,Rainbow Shower Tree
IMG_0727,Maile East End,2025-08-14,1,Rainbow Shower Tree
IMG_0773,Maile East End,2025-06-29,3,Rainbow Shower Tree
IMG_0775,Maile East End,2022-08-18,1,Rainbow Shower Tree
IMG_0812,Maile East End,2025-07-06,3,Rainbow Shower Tree
IMG_0814,Maile East End,2022-08-21,1,Rainbow Shower Tree
IMG_0846,Maile East End,2025-07-09,3,Rainbow Shower Tree
IMG_0855,Maile East End,2022-08-24,1,Rainbow Shower Tree
IMG_0876,Maile East End,2025-07-12,2,Rainbow Shower Tree
IMG_0903,Maile East End,2022-08-28,1,Rainbow Shower Tree
IMG_0932,Maile East End,2025-07-17,2,Rainbow Shower Tree
IMG_0941,Maile East End,2022-08-31,1,Rainbow Shower Tree
IMG_0955,Maile East End,2025-07-19,2,Rainbow Shower Tree
IMG_0981,Maile East End,2022-09-04,2,Rainbow Shower Tree
IMG_3871,Maile East End,2023-07-06,1,Rainbow Shower Tree
IMG_4232,Maile East End,2023-08-06,1,Rainbow Shower Tree
IMG_6305,Maile East End,2024-02-19,0,Rainbow Shower Tree
IMG_6751,Maile East End,2021-07-28,1,Rainbow Shower Tree
IMG_7818,Maile East End,2024-07-09,3,Rainbow Shower Tree
IMG_8080,Maile East End,2021-11-28,0,Rainbow Shower Tree
IMG_8483,Maile East End,2024-08-28,2,Rainbow Shower Tree
IMG_9100,Maile East End,2023-11-24,1,Rainbow Shower Tree
IMG_9764,Maile East End,2025-03-09,0,Rainbow Shower Tree
IMG_4424,Maile Library,2020-12-08,0,Lunalilo Yellow Shower Tree
IMG_4462,Maile Library,2020-12-15,0,Lunalilo Yellow Shower Tree
IMG_4521,Maile Library,2020-12-22,0,Lunalilo Yellow Shower Tree
IMG_4570,Maile Library,2020-12-29,0,Lunalilo Yellow Shower Tree
IMG_4632,Maile Library,2021-01-05,0,Lunalilo Yellow Shower Tree
IMG_4691,Maile Library,2021-01-12,0,Lunalilo Yellow Shower Tree
IMG_4751,Maile Library,2021-01-19,0,Lunalilo Yellow Shower Tree
IMG_4811,Maile Library,2021-01-25,0,Lunalilo Yellow Shower Tree
IMG_4864,Maile Library,2021-02-02,0,Lunalilo Yellow Shower Tree
IMG_4925,Maile Library,2021-02-09,0,Lunalilo Yellow Shower Tree
IMG_4981,Maile Library,2021-02-16,0,Lunalilo Yellow Shower Tree
IMG_5048,Maile Library,2021-02-23,0,Lunalilo Yellow Shower Tree
IMG_5112,Maile Library,2021-03-02,0,Lunalilo Yellow Shower Tree
IMG_5175,Maile Library,2021-03-10,0,Lunalilo Yellow Shower Tree
IMG_5237,Maile Library,2021-03-16,1,Lunalilo Yellow Shower Tree
IMG_5296,Maile Library,2021-03-23,1,Lunalilo Yellow Shower Tree
IMG_5361,Maile Library,2021-03-30,1,Lunalilo Yellow Shower Tree
IMG_5432,Maile Library,2021-04-06,1,Lunalilo Yellow Shower Tree
IMG_5498,Maile Library,2021-04-13,1,Lunalilo Yellow Shower Tree
IMG_5584,Maile Library,2021-04-21,1,Lunalilo Yellow Shower Tree
IMG_5622,Maile Library,2021-04-25,1,Lunalilo Yellow Shower Tree
IMG_5659,Maile Library,2021-04-28,1,Lunalilo Yellow Shower Tree
IMG_5698,Maile Library,2021-05-01,1,Lunalilo Yellow Shower Tree
IMG_5741,Maile Library,2021-05-04,2,Lunalilo Yellow Shower Tree
IMG_5795,Maile Library,2021-05-08,2,Lunalilo Yellow Shower Tree
IMG_5844,Maile Library,2021-05-11,2,Lunalilo Yellow Shower Tree
IMG_5886,Maile Library,2021-05-14,2,Lunalilo Yellow Shower Tree
IMG_5925,Maile Library,2021-05-18,2,Lunalilo Yellow Shower Tree
IMG_5964,Maile Library,2021-05-21,3,Lunalilo Yellow Shower Tree
IMG_5999,Maile Library,2021-05-25,3,Lunalilo Yellow Shower Tree
IMG_6042,Maile Library,2021-05-28,3,Lunalilo Yellow Shower Tree
IMG_6068,Maile Library,2021-06-01,3,Lunalilo Yellow Shower Tree
IMG_6114,Maile Library,2021-06-04,3,Lunalilo Yellow Shower Tree
IMG_6154,Maile Library,2021-06-07,3,Lunalilo Yellow Shower Tree
IMG_6193,Maile Library,2021-06-10,3,Lunalilo Yellow Shower Tree
IMG_6237,Maile Library,2021-06-14,3,Lunalilo Yellow Shower Tree
IMG_6280,Maile Library,2021-06-17,3,Lunalilo Yellow Shower Tree
IMG_6319,Maile Library,2021-06-21,3,Lunalilo Yellow Shower Tree
IMG_6362,Maile Library,2021-06-24,3,Lunalilo Yellow Shower Tree
IMG_6388,Maile Library,2021-06-28,3,Lunalilo Yellow Shower Tree
IMG_6431,Maile Library,2021-07-01,3,Lunalilo Yellow Shower Tree
IMG_6473,Maile Library,2021-07-04,3,Lunalilo Yellow Shower Tree
IMG_6510,Maile Library,2021-07-08,3,Lunalilo Yellow Shower Tree
IMG_6549,Maile Library,2021-07-11,3,Lunalilo Yellow Shower Tree
IMG_6594,Maile Library,2021-07-15,3,Lunalilo Yellow Shower Tree
IMG_6631,Maile Library,2021-07-18,3,Lunalilo Yellow Shower Tree
IMG_6670,Maile Library,2021-07-21,3,Lunalilo Yellow Shower Tree
IMG_6709,Maile Library,2021-07-24,3,Lunalilo Yellow Shower Tree
IMG_6747,Maile Library,2021-07-28,3,Lunalilo Yellow Shower Tree
IMG_6785,Maile Library,2021-08-01,2,Lunalilo Yellow Shower Tree
IMG_6825,Maile Library,2021-08-04,2,Lunalilo Yellow Shower Tree
IMG_6863,Maile Library,2021-08-08,3,Lunalilo Yellow Shower Tree
IMG_6902,Maile Library,2021-08-12,3,Lunalilo Yellow Shower Tree
IMG_6942,Maile Library,2021-08-15,3,Lunalilo Yellow Shower Tree
IMG_6983,Maile Library,2021-08-19,3,Lunalilo Yellow Shower Tree
IMG_7028,Maile Library,2021-08-22,3,Lunalilo Yellow Shower Tree
IMG_7067,Maile Library,2021-08-26,3,Lunalilo Yellow Shower Tree
IMG_7107,Maile Library,2021-08-29,3,Lunalilo Yellow Shower Tree
IMG_7150,Maile Library,2021-09-02,3,Lunalilo Yellow Shower Tree
IMG_7187,Maile Library,2021-09-06,3,Lunalilo Yellow Shower Tree
IMG_7226,Maile Library,2021-09-09,3,Lunalilo Yellow Shower Tree
IMG_7266,Maile Library,2021-09-12,2,Lunalilo Yellow Shower Tree
IMG_7307,Maile Library,2021-09-16,2,Lunalilo Yellow Shower Tree
IMG_7345,Maile Library,2021-09-19,2,Lunalilo Yellow Shower Tree
IMG_7381,Maile Library,2021-09-22,1,Lunalilo Yellow Shower Tree
IMG_7420,Maile Library,2021-09-26,1,Lunalilo Yellow Shower Tree
IMG_7458,Maile Library,2021-09-29,1,Lunalilo Yellow Shower Tree
IMG_7497,Maile Library,2021-10-03,1,Lunalilo Yellow Shower Tree
IMG_7536,Maile Library,2021-10-06,1,Lunalilo Yellow Shower Tree
IMG_7575,Maile Library,2021-10-10,1,Lunalilo Yellow Shower Tree
IMG_7613,Maile Library,2021-10-13,1,Lunalilo Yellow Shower Tree
IMG_7649,Maile Library,2021-10-17,0,Lunalilo Yellow Shower Tree
IMG_7685,Maile Library,2021-10-20,0,Lunalilo Yellow Shower Tree
IMG_7723,Maile Library,2021-10-24,0,Lunalilo Yellow Shower Tree
IMG_7765,Maile Library,2021-10-27,0,Lunalilo Yellow Shower Tree
IMG_7808,Maile Library,2021-10-31,0,Lunalilo Yellow Shower Tree
IMG_7849,Maile Library,2021-11-03,0,Lunalilo Yellow Shower Tree
IMG_7887,Maile Library,2021-11-07,0,Lunalilo Yellow Shower Tree
IMG_7915,Maile Library,2021-11-10,0,Lunalilo Yellow Shower Tree
IMG_7948,Maile Library,2021-11-13,0,Lunalilo Yellow Shower Tree
IMG_8019,Maile Library,2021-11-21,0,Lunalilo Yellow Shower Tree
IMG_8077,Maile Library,2021-11-28,0,Lunalilo Yellow Shower Tree
IMG_8169,Maile Library,2021-12-11,0,Lunalilo Yellow Shower Tree
IMG_8246,Maile Library,2021-12-19,0,Lunalilo Yellow Shower Tree
IMG_8478,Maile Library,2022-01-05,0,Lunalilo Yellow Shower Tree
IMG_8519,Maile Library,2022-01-09,0,Lunalilo Yellow Shower Tree
IMG_8590,Maile Library,2022-01-16,0,Lunalilo Yellow Shower Tree
IMG_8660,Maile Library,2022-01-23,0,Lunalilo Yellow Shower Tree
IMG_8721,Maile Library,2022-01-30,0,Lunalilo Yellow Shower Tree
IMG_8762,Maile Library,2022-02-06,0,Lunalilo Yellow Shower Tree
IMG_8804,Maile Library,2022-02-13,0,Lunalilo Yellow Shower Tree
IMG_8847,Maile Library,2022-02-20,0,Lunalilo Yellow Shower Tree
IMG_8916,Maile Library,2022-02-27,0,Lunalilo Yellow Shower Tree
IMG_9002,Maile Library,2022-03-13,0,Lunalilo Yellow Shower Tree
IMG_9071,Maile Library,2022-03-20,0,Lunalilo Yellow Shower Tree
IMG_9136,Maile Library,2022-03-27,0,Lunalilo Yellow Shower Tree
IMG_9223,Maile Library,2022-04-03,0,Lunalilo Yellow Shower Tree
IMG_9289,Maile Library,2022-04-10,0,Lunalilo Yellow Shower Tree
IMG_9365,Maile Library,2022-04-17,0,Lunalilo Yellow Shower Tree
IMG_9433,Maile Library,2022-04-23,0,Lunalilo Yellow Shower Tree
IMG_9471,Maile Library,2022-04-27,0,Lunalilo Yellow Shower Tree
IMG_9505,Maile Library,2022-05-01,0,Lunalilo Yellow Shower Tree
IMG_9543,Maile Library,2022-05-05,0,Lunalilo Yellow Shower Tree
IMG_9588,Maile Library,2022-05-08,0,Lunalilo Yellow Shower Tree
IMG_9589,Maile Library,2022-05-08,0,Lunalilo Yellow Shower Tree
IMG_9629,Maile Library,2022-05-11,1,Lunalilo Yellow Shower Tree
IMG_9669,Maile Library,2022-05-15,1,Lunalilo Yellow Shower Tree
IMG_9708,Maile Library,2022-05-18,2,Lunalilo Yellow Shower Tree
IMG_9750,Maile Library,2022-05-22,2,Lunalilo Yellow Shower Tree
IMG_9793,Maile Library,2022-05-25,2,Lunalilo Yellow Shower Tree
IMG_9839,Maile Library,2022-05-29,2,Lunalilo Yellow Shower Tree
IMG_9882,Maile Library,2022-06-01,2,Lunalilo Yellow Shower Tree
IMG_9927,Maile Library,2022-06-05,3,Lunalilo Yellow Shower Tree
IMG_9954,Maile Library,2022-06-09,3,Lunalilo Yellow Shower Tree
IMG_9992,Maile Library,2022-06-12,3,Lunalilo Yellow Shower Tree
IMG_0038,Maile Library,2022-06-16,3,Lunalilo Yellow Shower Tree
IMG_0080,Maile Library,2022-06-19,3,Lunalilo Yellow Shower Tree
IMG_0120,Maile Library,2022-06-22,3,Lunalilo Yellow Shower Tree
IMG_0163,Maile Library,2022-06-25,3,Lunalilo Yellow Shower Tree
IMG_0204,Maile Library,2022-06-28,3,Lunalilo Yellow Shower Tree
IMG_0248,Maile Library,2022-07-01,3,Lunalilo Yellow Shower Tree
IMG_0366,Maile Library,2022-07-18,3,Lunalilo Yellow Shower Tree
IMG_0410,Maile Library,2022-07-21,3,Lunalilo Yellow Shower Tree
IMG_0459,Maile Library,2022-07-24,3,Lunalilo Yellow Shower Tree
IMG_0504,Maile Library,2022-07-27,3,Lunalilo Yellow Shower Tree
IMG_0547,Maile Library,2022-07-31,3,Lunalilo Yellow Shower Tree
IMG_0589,Maile Library,2022-08-03,3,Lunalilo Yellow Shower Tree
IMG_0637,Maile Library,2022-08-07,2,Lunalilo Yellow Shower Tree
IMG_0678,Maile Library,2022-08-11,2,Lunalilo Yellow Shower Tree
IMG_0723,Maile Library,2022-08-14,2,Lunalilo Yellow Shower Tree
IMG_0771,Maile Library,2022-08-18,2,Lunalilo Yellow Shower Tree
IMG_0810,Maile Library,2022-08-21,2,Lunalilo Yellow Shower Tree
IMG_0851,Maile Library,2022-08-24,2,Lunalilo Yellow Shower Tree
IMG_0899,Maile Library,2022-08-28,2,Lunalilo Yellow Shower Tree
IMG_0940,Maile Library,2022-08-31,2,Lunalilo Yellow Shower Tree
IMG_0977,Maile Library,2022-09-04,2,Lunalilo Yellow Shower Tree
IMG_1012,Maile Library,2022-09-07,2,Lunalilo Yellow Shower Tree
IMG_1052,Maile Library,2022-09-11,2,Lunalilo Yellow Shower Tree
IMG_1090,Maile Library,2022-09-14,2,Lunalilo Yellow Shower Tree
IMG_1134,Maile Library,2022-09-18,2,Lunalilo Yellow Shower Tree
IMG_1169,Maile Library,2022-09-22,2,Lunalilo Yellow Shower Tree
IMG_1206,Maile Library,2022-09-25,2,Lunalilo Yellow Shower Tree
IMG_1268,Maile Library,2022-10-02,1,Lunalilo Yellow Shower Tree
IMG_1335,Maile Library,2022-10-09,1,Lunalilo Yellow Shower Tree
IMG_1393,Maile Library,2022-10-23,1,Lunalilo Yellow Shower Tree
IMG_1432,Maile Library,2022-10-27,1,Lunalilo Yellow Shower Tree
IMG_1464,Maile Library,2022-10-30,1,Lunalilo Yellow Shower Tree
IMG_1508,Maile Library,2022-11-03,1,Lunalilo Yellow Shower Tree
IMG_1547,Maile Library,2022-11-06,0,Lunalilo Yellow Shower Tree
IMG_4415,Maile West Corner,2020-12-8,0,Rainbow Shower Tree
IMG_4450,Maile West Corner,2020-12-15,0,Rainbow Shower Tree
IMG_4510,Maile West Corner,2020-12-22,0,Rainbow Shower Tree
IMG_4558,Maile West Corner,2020-12-29,0,Rainbow Shower Tree
IMG_4620,Maile West Corner,2021-1-5,0,Rainbow Shower Tree
IMG_4680,Maile West Corner,2021-1-12,0,Rainbow Shower Tree
IMG_4738,Maile West Corner,2021-1-19,0,Rainbow Shower Tree
IMG_4797,Maile West Corner,2021-1-25,0,Rainbow Shower Tree
IMG_4852,Maile West Corner,2021-2-2,0,Rainbow Shower Tree
IMG_4914,Maile West Corner,2021-2-9,0,Rainbow Shower Tree
IMG_4970,Maile West Corner,2021-2-16,0,Rainbow Shower Tree
IMG_5033,Maile West Corner,2021-2-23,0,Rainbow Shower Tree
IMG_5098,Maile West Corner,2021-3-2,0,Rainbow Shower Tree
IMG_5163,Maile West Corner,2021-3-10,0,Rainbow Shower Tree
IMG_5226,Maile West Corner,2021-3-16,0,Rainbow Shower Tree
IMG_5284,Maile West Corner,2021-3-23,0,Rainbow Shower Tree
IMG_5350,Maile West Corner,2021-3-30,0,Rainbow Shower Tree
IMG_5420,Maile West Corner,2021-4-6,0,Rainbow Shower Tree
IMG_5484,Maile West Corner,2021-4-13,0,Rainbow Shower Tree
IMG_5531,Maile West Corner,2021-4-16,1,Rainbow Shower Tree
IMG_5573,Maile West Corner,2021-4-21,1,Rainbow Shower Tree
IMG_5608,Maile West Corner,2021-4-25,1,Rainbow Shower Tree
IMG_5646,Maile West Corner,2021-4-28,1,Rainbow Shower Tree
IMG_5685,Maile West Corner,2021-5-1,1,Rainbow Shower Tree
IMG_5728,Maile West Corner,2021-5-4,1,Rainbow Shower Tree
IMG_5780,Maile West Corner,2021-5-8,1,Rainbow Shower Tree
IMG_5832,Maile West Corner,2021-5-11,1,Rainbow Shower Tree
IMG_5874,Maile West Corner,2021-5-14,1,Rainbow Shower Tree
IMG_5911,Maile West Corner,2021-5-18,1,Rainbow Shower Tree
IMG_5953,Maile West Corner,2021-5-21,1,Rainbow Shower Tree
IMG_5987,Maile West Corner,2021-5-25,2,Rainbow Shower Tree
IMG_6030,Maile West Corner,2021-5-28,2,Rainbow Shower Tree
IMG_6079,Maile West Corner,2021-6-1,2,Rainbow Shower Tree
IMG_6102,Maile West Corner,2021-6-4,2,Rainbow Shower Tree
IMG_6142,Maile West Corner,2021-6-7,3,Rainbow Shower Tree
IMG_6180,Maile West Corner,2021-6-10,3,Rainbow Shower Tree
IMG_6223,Maile West Corner,2021-6-14,3,Rainbow Shower Tree
IMG_6266,Maile West Corner,2021-6-17,3,Rainbow Shower Tree
IMG_6307,Maile West Corner,2021-6-21,3,Rainbow Shower Tree
IMG_6352,Maile West Corner,2021-6-24,3,Rainbow Shower Tree
IMG_6398,Maile West Corner,2021-6-28,3,Rainbow Shower Tree
IMG_6421,Maile West Corner,2021-7-1,3,Rainbow Shower Tree
IMG_6462,Maile West Corner,2021-7-4,3,Rainbow Shower Tree
IMG_6498,Maile West Corner,2021-7-8,3,Rainbow Shower Tree
IMG_6538,Maile West Corner,2021-7-11,3,Rainbow Shower Tree
IMG_6581,Maile West Corner,2021-7-15,3,Rainbow Shower Tree
IMG_6617,Maile West Corner,2021-7-18,2,Rainbow Shower Tree
IMG_6658,Maile West Corner,2021-7-21,2,Rainbow Shower Tree
IMG_6697,Maile West Corner,2021-7-24,1,Rainbow Shower Tree
IMG_6734,Maile West Corner,2021-7-28,1,Rainbow Shower Tree
IMG_6772,Maile West Corner,2021-8-1,1,Rainbow Shower Tree
IMG_6811,Maile West Corner,2021-8-4,1,Rainbow Shower Tree
IMG_6852,Maile West Corner,2021-8-8,1,Rainbow Shower Tree
IMG_6891,Maile West Corner,2021-8-12,1,Rainbow Shower Tree
IMG_6930,Maile West Corner,2021-8-15,1,Rainbow Shower Tree
IMG_6970,Maile West Corner,2021-8-19,1,Rainbow Shower Tree
IMG_7014,Maile West Corner,2021-8-22,1,Rainbow Shower Tree
IMG_7055,Maile West Corner,2021-8-26,1,Rainbow Shower Tree
IMG_7094,Maile West Corner,2021-8-29,1,Rainbow Shower Tree
IMG_7136,Maile West Corner,2021-9-2,1,Rainbow Shower Tree
IMG_7176,Maile West Corner,2021-9-6,1,Rainbow Shower Tree
IMG_7214,Maile West Corner,2021-9-9,2,Rainbow Shower Tree
IMG_7254,Maile West Corner,2021-9-12,2,Rainbow Shower Tree
IMG_7295,Maile West Corner,2021-9-16,2,Rainbow Shower Tree
IMG_7333,Maile West Corner,2021-9-19,2,Rainbow Shower Tree
IMG_7369,Maile West Corner,2021-9-22,2,Rainbow Shower Tree
IMG_7446,Maile West Corner,2021-9-23,2,Rainbow Shower Tree
IMG_7408,Maile West Corner,2021-9-26,2,Rainbow Shower Tree
IMG_7484,Maile West Corner,2021-10-3,1,Rainbow Shower Tree
IMG_7524,Maile West Corner,2021-10-6,1,Rainbow Shower Tree
IMG_7562,Maile West Corner,2021-10-10,1,Rainbow Shower Tree
IMG_7602,Maile West Corner,2021-10-13,0,Rainbow Shower Tree
IMG_7637,Maile West Corner,2021-10-17,0,Rainbow Shower Tree
IMG_7674,Maile West Corner,2021-10-20,0,Rainbow Shower Tree
IMG_7709,Maile West Corner,2021-10-24,0,Rainbow Shower Tree
IMG_7753,Maile West Corner,2021-10-27,0,Rainbow Shower Tree
IMG_7794,Maile West Corner,2021-10-31,0,Rainbow Shower Tree
IMG_7840,Maile West Corner,2021-11-3,0,Rainbow Shower Tree
IMG_7872,Maile West Corner,2021-11-7,0,Rainbow Shower Tree
IMG_7934,Maile West Corner,2021-11-13,0,Rainbow Shower Tree
IMG_8006,Maile West Corner,2021-11-21,0,Rainbow Shower Tree
IMG_8063,Maile West Corner,2021-11-28,0,Rainbow Shower Tree
IMG_8131,Maile West Corner,2021-12-8,0,Rainbow Shower Tree
IMG_8156,Maile West Corner,2021-12-11,0,Rainbow Shower Tree
IMG_8234,Maile West Corner,2021-12-19,0,Rainbow Shower Tree
IMG_8462,Maile West Corner,2022-1-5,0,Rainbow Shower Tree
IMG_8506,Maile West Corner,2022-1-9,0,Rainbow Shower Tree
IMG_8547,Maile West Corner,2022-1-13,0,Rainbow Shower Tree
IMG_8577,Maile West Corner,2022-1-16,0,Rainbow Shower Tree
IMG_8647,Maile West Corner,2022-1-23,0,Rainbow Shower Tree
IMG_8708,Maile West Corner,2022-1-30,0,Rainbow Shower Tree
IMG_8749,Maile West Corner,2022-2-6,0,Rainbow Shower Tree
IMG_8788,Maile West Corner,2022-2-13,0,Rainbow Shower Tree
IMG_8834,Maile West Corner,2022-2-20,0,Rainbow Shower Tree
IMG_8903,Maile West Corner,2022-2-27,0,Rainbow Shower Tree
IMG_8985,Maile West Corner,2022-3-13,0,Rainbow Shower Tree
IMG_9056,Maile West Corner,2022-3-20,0,Rainbow Shower Tree
IMG_9123,Maile West Corner,2022-3-27,0,Rainbow Shower Tree
IMG_9210,Maile West Corner,2022-4-3,0,Rainbow Shower Tree
IMG_9276,Maile West Corner,2022-4-10,0,Rainbow Shower Tree
IMG_9351,Maile West Corner,2022-4-17,0,Rainbow Shower Tree
IMG_9352,Maile West Corner,2022-4-17,0,Rainbow Shower Tree
IMG_9418,Maile West Corner,2022-4-23,0,Rainbow Shower Tree
IMG_9460,Maile West Corner,2022-4-27,0,Rainbow Shower Tree
IMG_9491,Maile West Corner,2022-5-1,0,Rainbow Shower Tree
IMG_9530,Maile West Corner,2022-5-5,0,Rainbow Shower Tree
IMG_9573,Maile West Corner,2022-5-8,0,Rainbow Shower Tree
IMG_9617,Maile West Corner,2022-5-11,0,Rainbow Shower Tree
IMG_9656,Maile West Corner,2022-5-15,0,Rainbow Shower Tree
IMG_9696,Maile West Corner,2022-5-18,0,Rainbow Shower Tree
IMG_9737,Maile West Corner,2022-5-22,0,Rainbow Shower Tree
IMG_9780,Maile West Corner,2022-5-25,0,Rainbow Shower Tree
IMG_9868,Maile West Corner,2022-6-1,1,Rainbow Shower Tree
IMG_9914,Maile West Corner,2022-6-5,1,Rainbow Shower Tree
IMG_9948,Maile West Corner,2022-6-9,1,Rainbow Shower Tree
IMG_9979,Maile West Corner,2022-6-12,1,Rainbow Shower Tree
IMG_0025,Maile West Corner,2022-6-16,2,Rainbow Shower Tree
IMG_0067,Maile West Corner,2022-6-19,2,Rainbow Shower Tree
IMG_0107,Maile West Corner,2022-6-22,3,Rainbow Shower Tree
IMG_0150,Maile West Corner,2022-6-25,3,Rainbow Shower Tree
IMG_0191,Maile West Corner,2022-6-28,3,Rainbow Shower Tree
IMG_0233,Maile West Corner,2022-7-1,3,Rainbow Shower Tree
IMG_0352,Maile West Corner,2022-7-18,3,Rainbow Shower Tree
IMG_0397,Maile West Corner,2022-7-21,3,Rainbow Shower Tree
IMG_0435,Maile West Corner,2022-7-21,2,Rainbow Shower Tree
IMG_0488,Maile West Corner,2022-7-27,2,Rainbow Shower Tree
IMG_0533,Maile West Corner,2022-7-31,1,Rainbow Shower Tree
IMG_0576,Maile West Corner,2022-8-3,1,Rainbow Shower Tree
IMG_0623,Maile West Corner,2022-8-7,1,Rainbow Shower Tree
IMG_0665,Maile West Corner,2022-8-11,1,Rainbow Shower Tree
IMG_0709,Maile West Corner,2022-8-14,1,Rainbow Shower Tree
IMG_0757,Maile West Corner,2022-8-18,1,Rainbow Shower Tree
IMG_0796,Maile West Corner,2022-8-21,1,Rainbow Shower Tree
IMG_0839,Maile West Corner,2022-8-24,1,Rainbow Shower Tree
IMG_0885,Maile West Corner,2022-8-28,1,Rainbow Shower Tree
IMG_0928,Maile West Corner,2022-8-31,1,Rainbow Shower Tree
IMG_0965,Maile West Corner,2022-9-4,1,Rainbow Shower Tree
IMG_1003,Maile West Corner,2022-9-7,1,Rainbow Shower Tree
IMG_1039,Maile West Corner,2022-9-11,1,Rainbow Shower Tree
IMG_1077,Maile West Corner,2022-9-14,1,Rainbow Shower Tree
IMG_1121,Maile West Corner,2022-9-18,1,Rainbow Shower Tree
IMG_1192,Maile West Corner,2022-9-25,1,Rainbow Shower Tree
IMG_1231,Maile West Corner,2022-9-29,1,Rainbow Shower Tree
IMG_1280,Maile West Corner,2022-10-2,1,Rainbow Shower Tree
IMG_1304,Maile West Corner,2022-10-6,1,Rainbow Shower Tree
IMG_1348,Maile West Corner,2022-10-9,1,Rainbow Shower Tree
IMG_1382,Maile West Corner,2022-10-23,1,Rainbow Shower Tree
IMG_1420,Maile West Corner,2022-10-27,1,Rainbow Shower Tree
IMG_1479,Maile West Corner,2022-10-30,1,Rainbow Shower Tree
IMG_1499,Maile West Corner,2022-11-3,1,Rainbow Shower Tree
IMG_1533,Maile West Corner,2022-11-6,0,Rainbow Shower Tree
IMG_1574,Maile West Corner,2022-11-10,0,Rainbow Shower Tree
IMG_1621,Maile West Corner,2022-11-13,0,Rainbow Shower Tree
IMG_1645,Maile West Corner,2022-11-17,0,Rainbow Shower Tree
IMG_1700,Maile West Corner,2022-11-20,0,Rainbow Shower Tree
IMG_1730,Maile West Corner,2022-11-24,0,Rainbow Shower Tree
IMG_1769,Maile West Corner,2022-11-27,0,Rainbow Shower Tree
IMG_1811,Maile West Corner,2022-12-4,0,Rainbow Shower Tree
IMG_1857,Maile West Corner,2022-12-11,0,Rainbow Shower Tree
IMG_1927,Maile West Corner,2022-12-22,0,Rainbow Shower Tree
IMG_1966,Maile West Corner,2022-12-25,0,Rainbow Shower Tree
IMG_2033,Maile West Corner,2023-1-1,0,Rainbow Shower Tree
IMG_2112,Maile West Corner,2023-1-8,0,Rainbow Shower Tree
IMG_2171,Maile West Corner,2023-1-15,0,Rainbow Shower Tree
IMG_2237,Maile West Corner,2023-1-22,0,Rainbow Shower Tree
IMG_2319,Maile West Corner,2023-2-5,0,Rainbow Shower Tree
IMG_2400,Maile West Corner,2023-2-19,0,Rainbow Shower Tree
IMG_2461,Maile West Corner,2023-2-26,0,Rainbow Shower Tree
IMG_2539,Maile West Corner,2023-3-5,0,Rainbow Shower Tree
IMG_2613,Maile West Corner,2023-3-12,0,Rainbow Shower Tree
IMG_2688,Maile West Corner,2023-3-19,0,Rainbow Shower Tree
IMG_2771,Maile West Corner,2023-3-26,0,Rainbow Shower Tree
IMG_2853,Maile West Corner,2023-4-2,0,Rainbow Shower Tree
IMG_2907,Maile West Corner,2023-4-6,0,Rainbow Shower Tree
IMG_2949,Maile West Corner,2023-4-10,0,Rainbow Shower Tree
IMG_3035,Maile West Corner,2023-4-16,0,Rainbow Shower Tree
IMG_3076,Maile West Corner,2023-4-20,0,Rainbow Shower Tree
IMG_3122,Maile West Corner,2023-4-23,0,Rainbow Shower Tree
IMG_3166,Maile West Corner,2023-4-30,0,Rainbow Shower Tree
IMG_3209,Maile West Corner,2023-5-4,0,Rainbow Shower Tree
IMG_3254,Maile West Corner,2023-5-7,0,Rainbow Shower Tree
IMG_3306,Maile West Corner,2023-5-11,0,Rainbow Shower Tree
IMG_3353,Maile West Corner,2023-5-15,0,Rainbow Shower Tree
IMG_3403,Maile West Corner,2023-5-19,0,Rainbow Shower Tree
IMG_3549,Maile West Corner,2023-6-5,0,Rainbow Shower Tree
IMG_3591,Maile West Corner,2023-6-8,0,Rainbow Shower Tree
IMG_3634,Maile West Corner,2023-6-11,0,Rainbow Shower Tree
IMG_3676,Maile West Corner,2023-6-14,0,Rainbow Shower Tree
IMG_3719,Maile West Corner,2023-6-20,1,Rainbow Shower Tree
IMG_3765,Maile West Corner,2023-6-23,1,Rainbow Shower Tree
IMG_3806,Maile West Corner,2023-6-27,1,Rainbow Shower Tree
IMG_3849,Maile West Corner,2023-7-2,2,Rainbow Shower Tree
IMG_3889,Maile West Corner,2023-7-6,2,Rainbow Shower Tree
IMG_3935,Maile West Corner,2023-7-9,2,Rainbow Shower Tree
IMG_3977,Maile West Corner,2023-7-12,2,Rainbow Shower Tree
IMG_4015,Maile West Corner,2023-7-16,3,Rainbow Shower Tree
IMG_4125,Maile West Corner,2023-7-26,3,Rainbow Shower Tree
IMG_4164,Maile West Corner,2023-7-30,3,Rainbow Shower Tree
IMG_4205,Maile West Corner,2023-8-3,3,Rainbow Shower Tree
IMG_4251,Maile West Corner,2023-8-6,3,Rainbow Shower Tree
IMG_4298,Maile West Corner,2023-8-10,2,Rainbow Shower Tree
IMG_4343,Maile West Corner,2023-8-13,2,Rainbow Shower Tree
IMG_4383,Maile West Corner,2023-8-15,1,Rainbow Shower Tree
IMG_4433,Maile West Corner,2023-8-20,0,Rainbow Shower Tree
IMG_4477,Maile West Corner,2023-8-24,0,Rainbow Shower Tree
IMG_4521,Maile West Corner,2023-8-27,0,Rainbow Shower Tree
IMG_4564,Maile West Corner,2023-8-31,0,Rainbow Shower Tree
IMG_4612,Maile West Corner,2023-9-3,0,Rainbow Shower Tree
IMG_4659,Maile West Corner,2023-9-7,0,Rainbow Shower Tree
IMG_4716,Maile West Corner,2023-9-10,0,Rainbow Shower Tree
IMG_4766,Maile West Corner,2023-9-17,1,Rainbow Shower Tree
IMG_4814,Maile West Corner,2023-9-24,1,Rainbow Shower Tree
IMG_4840,Maile West Corner,2023-9-28,1,Rainbow Shower Tree
IMG_4895,Maile West Corner,2023-10-1,1,Rainbow Shower Tree
IMG_4944,Maile West Corner,2023-10-8,1,Rainbow Shower Tree
IMG_4993,Maile West Corner,2023-10-12,1,Rainbow Shower Tree
IMG_5039,Maile West Corner,2023-10-15,1,Rainbow Shower Tree
IMG_5094,Maile West Corner,2023-10-19,1,Rainbow Shower Tree
IMG_5143,Maile West Corner,2023-10-22,1,Rainbow Shower Tree
IMG_5220,Maile West Corner,2023-10-28,1,Rainbow Shower Tree
IMG_5286,Maile West Corner,2023-11-5,0,Rainbow Shower Tree
IMG_5330,Maile West Corner,2023-11-9,0,Rainbow Shower Tree
IMG_5373,Maile West Corner,2023-11-12,0,Rainbow Shower Tree
IMG_5424,Maile West Corner,2023-11-19,0,Rainbow Shower Tree
IMG_5472,Maile West Corner,2023-11-26,0,Rainbow Shower Tree
IMG_5519,Maile West Corner,2023-12-3,0,Rainbow Shower Tree
IMG_5549,Maile West Corner,2023-12-8,0,Rainbow Shower Tree
IMG_5726,Maile West Corner,2023-12-24,0,Rainbow Shower Tree
IMG_5794,Maile West Corner,2023-12-31,0,Rainbow Shower Tree
IMG_5868,Maile West Corner,2024-1-7,0,Rainbow Shower Tree
IMG_5949,Maile West Corner,2024-1-14,0,Rainbow Shower Tree
IMG_6008,Maile West Corner,2024-1-21,0,Rainbow Shower Tree
IMG_6054,Maile West Corner,2024-1-28,0,Rainbow Shower Tree
IMG_6114,Maile West Corner,2024-2-4,0,Rainbow Shower Tree
IMG_6154,Maile West Corner,2024-2-10,0,Rainbow Shower Tree
IMG_6323,Maile West Corner,2024-2-19,0,Rainbow Shower Tree
IMG_6385,Maile West Corner,2024-2-25,0,Rainbow Shower Tree
IMG_6411,Maile West Corner,2024-3-2,0,Rainbow Shower Tree
IMG_6508,Maile West Corner,2024-3-10,0,Rainbow Shower Tree
IMG_6622,Maile West Corner,2024-3-24,0,Rainbow Shower Tree
IMG_6704,Maile West Corner,2024-3-31,0,Rainbow Shower Tree
IMG_6778,Maile West Corner,2024-4-7,0,Rainbow Shower Tree
IMG_6850,Maile West Corner,2024-4-14,0,Rainbow Shower Tree
IMG_6924,Maile West Corner,2024-4-21,0,Rainbow Shower Tree
IMG_6976,Maile West Corner,2024-4-28,0,Rainbow Shower Tree
IMG_7024,Maile West Corner,2024-5-4,0,Rainbow Shower Tree
IMG_7073,Maile West Corner,2024-5-8,0,Rainbow Shower Tree
IMG_7130,Maile West Corner,2024-5-12,0,Rainbow Shower Tree
IMG_7176 (1),Maile West Corner,2024-5-19,1,Rainbow Shower Tree
IMG_7218,Maile West Corner,2024-5-22,1,Rainbow Shower Tree
IMG_7260,Maile West Corner,2024-5-25,1,Rainbow Shower Tree
IMG_7423,Maile West Corner,2024-6-11,2,Rainbow Shower Tree
IMG_7466,Maile West Corner,2024-6-14,2,Rainbow Shower Tree
IMG_7525,Maile West Corner,2024-6-17,2,Rainbow Shower Tree
IMG_7570,Maile West Corner,2024-6-20,3,Rainbow Shower Tree
IMG_7612,Maile West Corner,2024-6-23,2,Rainbow Shower Tree
IMG_7703,Maile West Corner,2024-6-30,2,Rainbow Shower Tree
IMG_7750,Maile West Corner,2024-7-3,3,Rainbow Shower Tree
IMG_7794 (1),Maile West Corner,2024-7-6,3,Rainbow Shower Tree
IMG_7839,Maile West Corner,2024-7-9,3,Rainbow Shower Tree
IMG_7882,Maile West Corner,2024-7-12,3,Rainbow Shower Tree
IMG_7926,Maile West Corner,2024-7-15,3,Rainbow Shower Tree
IMG_7943,Maile West Corner,2024-7-18,3,Rainbow Shower Tree
IMG_8012,Maile West Corner,2024-7-21,3,Rainbow Shower Tree
IMG_8061,Maile West Corner,2024-7-24,2,Rainbow Shower Tree
IMG_8096,Maile West Corner,2024-7-28,1,Rainbow Shower Tree
IMG_8137,Maile West Corner,2024-7-31,1,Rainbow Shower Tree
IMG_8198,Maile West Corner,2024-8-4,1,Rainbow Shower Tree
IMG_8242,Maile West Corner,2024-8-7,1,Rainbow Shower Tree
IMG_8305,Maile West Corner,2024-8-10,1,Rainbow Shower Tree
IMG_8366,Maile West Corner,2024-8-14,1,Rainbow Shower Tree
IMG_8405,Maile West Corner,2024-8-18,1,Rainbow Shower Tree
IMG_8453,Maile West Corner,2024-8-24,1,Rainbow Shower Tree
IMG_8495,Maile West Corner,2024-8-28,1,Rainbow Shower Tree
IMG_8537,Maile West Corner,2024-9-1,1,Rainbow Shower Tree
IMG_8575,Maile West Corner,2024-9-8,1,Rainbow Shower Tree
IMG_8623,Maile West Corner,2024-9-14,1,Rainbow Shower Tree
IMG_8658,Maile West Corner,2024-9-18,2,Rainbow Shower Tree
IMG_8732,Maile West Corner,2024-9-28,2,Rainbow Shower Tree
IMG_8769,Maile West Corner,2024-10-6,1,Rainbow Shower Tree
IMG_8841,Maile West Corner,2024-10-12,1,Rainbow Shower Tree
IMG_8870,Maile West Corner,2024-10-19,1,Rainbow Shower Tree
IMG_8931,Maile West Corner,2024-10-27,0,Rainbow Shower Tree
IMG_8967,Maile West Corner,2024-11-2,0,Rainbow Shower Tree
IMG_9030,Maile West Corner,2024-11-9,0,Rainbow Shower Tree
IMG_9072,Maile West Corner,2024-11-17,0,Rainbow Shower Tree
IMG_9114,Maile West Corner,2024-11-23,0,Rainbow Shower Tree
IMG_9164,Maile West Corner,2024-11-30,0,Rainbow Shower Tree
IMG_9214,Maile West Corner,2024-12-7,0,Rainbow Shower Tree
IMG_9275,Maile West Corner,2024-12-15,0,Rainbow Shower Tree
IMG_9322,Maile West Corner,2024-12-22,0,Rainbow Shower Tree
IMG_9379,Maile West Corner,2024-12-28,0,Rainbow Shower Tree
IMG_9432,Maile West Corner,2025-1-4,0,Rainbow Shower Tree
IMG_9476,Maile West Corner,2025-1-11,0,Rainbow Shower Tree
IMG_9533,Maile West Corner,2025-1-25,0,Rainbow Shower Tree
IMG_9570,Maile West Corner,2025-2-1,0,Rainbow Shower Tree
IMG_9612,Maile West Corner,2025-2-9,0,Rainbow Shower Tree
IMG_9657,Maile West Corner,2025-2-15,0,Rainbow Shower Tree
IMG_9717,Maile West Corner,2025-3-1,0,Rainbow Shower Tree
IMG_9779,Maile West Corner,2025-3-9,0,Rainbow Shower Tree
IMG_9819,Maile West Corner,2025-3-15,0,Rainbow Shower Tree
IMG_9895,Maile West Corner,2025-3-22,0,Rainbow Shower Tree
IMG_9939,Maile West Corner,2025-3-30,0,Rainbow Shower Tree
IMG_0001,Maile West Corner,2025-4-6,0,Rainbow Shower Tree
IMG_0072,Maile West Corner,2025-4-13,0,Rainbow Shower Tree
IMG_0138,Maile West Corner,2025-4-20,0,Rainbow Shower Tree
IMG_0172,Maile West Corner,2025-4-27,0,Rainbow Shower Tree
IMG_0239,Maile West Corner,2025-5-4,0,Rainbow Shower Tree
IMG_0286,Maile West Corner,2025-5-11,0,Rainbow Shower Tree
IMG_0343,Maile West Corner,2025-5-18,0,Rainbow Shower Tree
IMG_0377,Maile West Corner,2025-5-24,0,Rainbow Shower Tree
IMG_0502,Maile West Corner,2025-6-4,1,Rainbow Shower Tree
IMG_0550,Maile West Corner,2025-6-8,1,Rainbow Shower Tree
IMG_0593,Maile West Corner,2025-6-11,1,Rainbow Shower Tree
IMG_0622,Maile West Corner,2025-6-15,1,Rainbow Shower Tree
IMG_0672,Maile West Corner,2025-6-20,2,Rainbow Shower Tree
IMG_0703,Maile West Corner,2025-6-25,2,Rainbow Shower Tree
IMG_0784,Maile West Corner,2025-6-29,3,Rainbow Shower Tree
IMG_0823,Maile West Corner,2025-7-6,3,Rainbow Shower Tree
IMG_0856,Maile West Corner,2025-7-9,3,Rainbow Shower Tree
IMG_0887,Maile West Corner,2025-7-12,3,Rainbow Shower Tree
IMG_0921,Maile West Corner,2025-7-17,3,Rainbow Shower Tree
IMG_0965 (1),Maile West Corner,2025-7-19,3,Rainbow Shower Tree
IMG_1002,Maile West Corner,2025-7-23,3,Rainbow Shower Tree
IMG_1041,Maile West Corner,2025-7-26,3,Rainbow Shower Tree
IMG_1132,Maile West Corner,2025-8-2,3,Rainbow Shower Tree
IMG_1359,Maile West Corner,2025-8-17,1,Rainbow Shower Tree
IMG_1400,Maile West Corner,2025-8-24,1,Rainbow Shower Tree
IMG_1450,Maile West Corner,2025-8-31,1,Rainbow Shower Tree
IMG_1488,Maile West Corner,2025-9-6,1,Rainbow Shower Tree
IMG_1539,Maile West Corner,2025-9-13,1,Rainbow Shower Tree
IMG_1585,Maile West Corner,2025-9-21,2,Rainbow Shower Tree
IMG_1626,Maile West Corner,2025-9-28,2,Rainbow Shower Tree
IMG_1665,Maile West Corner,2025-10-5,1,Rainbow Shower Tree
IMG_1747,Maile West Corner,2025-10-12,1,Rainbow Shower Tree
IMG_1823,Maile West Corner,2025-10-19,0,Rainbow Shower Tree
IMG_1869,Maile West Corner,2025-10-26,0,Rainbow Shower Tree
IMG_1961,Maile West Corner,2025-11-2,0,Rainbow Shower Tree
IMG_2019,Maile West Corner,2025-11-11,0,Rainbow Shower Tree
IMG_2068,Maile West Corner,2025-11-16,0,Rainbow Shower Tree
IMG_2104,Maile West Corner,2025-11-23,0,Rainbow Shower Tree
IMG_2185,Maile West Corner,2025-12-7,0,Rainbow Shower Tree
IMG_2224,Maile West Corner,2025-12-13,0,Rainbow Shower Tree
IMG_2271,Maile West Corner,2025-12-21,0,Rainbow Shower Tree
IMG_2315,Maile West Corner,2025-12-25,0,Rainbow Shower Tree
IMG_2361,Maile West Corner,2025-12-28,0,Rainbow Shower Tree
IMG_2425,Maile West Corner,2026-1-1,0,Rainbow Shower Tree
IMG_2524,Maile West Corner,2026-1-11,0,Rainbow Shower Tree
IMG_2686,Maile West Corner,2026-1-18,0,Rainbow Shower Tree
IMG_2825,Maile West Corner,2026-1-25,0,Rainbow Shower Tree